instance,stations,CT_reb,min_workers,runtime,nodecount,solcount,mipgap,objval,MSF,eff_givenCT,Tavg,fairT,MAD_T,MADpct_T,Eavg,fairE,MAD_E,MADpct_E,status,input_file,output_results,output_assignment
BOWMAN8,3,25.0,4,0.0008449554443359375,0,1,0.0,0.3260099401032114,0.5,0.7499999999925,18.75,19.0,4.7499999988125,25.33333332564889,15.715658840601515,18.106313568031347,4.526578390876192,28.80298202257811,OK,BOWMAN8_run1_S3_W3_CT28.csv,BOWMAN8_run1_S3_W4_results.csv,BOWMAN8_run1_S3_W4_assignment.csv
JAESCHKE,3,10.0,5,0.0010118484497070312,0,1,0.0,0.08857358445962332,0.9999999999999996,0.7399999999852,7.4,5.6,1.119999999776,15.13513513006282,5.497995968175945,4.225780411725279,0.8451560821760246,15.372075332799835,OK,JAESCHKE_run1_S3_W5_CT9.csv,JAESCHKE_run1_S3_W5_results.csv,JAESCHKE_run1_S3_W5_assignment.csv
JACKSON,4,8.0,7,0.0012857913970947266,0,1,0.0,0.27414165697924975,0.6363636363636362,0.8214285714139031,6.571428571428571,9.428571428571429,1.3469387753177844,20.49689440389067,5.492625649144137,11.166226846477098,1.5951752635545604,29.04212602788067,OK,JACKSON_run1_S4_W6_CT9.csv,JACKSON_run1_S4_W7_results.csv,JACKSON_run1_S4_W7_assignment.csv
JAESCHKE,5,10.0,5,0.0037081241607666016,1,3,0.0,0.08857358445962216,1.0000000000000002,0.7399999999852,7.4,5.6,1.119999999776,15.13513513006282,5.497995968175945,4.2257804117251805,0.8451560821760049,15.372075332799474,OK,JAESCHKE_run3_S5_W5_CT9.csv,JAESCHKE_run3_S5_W5_results.csv,JAESCHKE_run3_S5_W5_assignment.csv
JACKSON,6,8.0,7,0.14035606384277344,27,3,0.0,0.2135355963731893,0.8181818181818183,0.8214285714139031,6.571428571428571,9.428571428571429,1.3469387753177844,20.49689440389067,5.492625649144137,11.166226846477123,1.595175263554564,29.042126027880737,OK,JACKSON_run3_S6_W6_CT9.csv,JACKSON_run3_S6_W7_results.csv,JACKSON_run3_S6_W7_assignment.csv
HAHN,4,2902.0,5,0.06050682067871094,1,4,0.0,0.0958794746783383,0.9245283018867847,0.9666436940040685,2805.2,348.79999999999995,69.75999998604799,2.486810209112474,5566.422216860765,5236.003063697521,1047.200612530064,18.81281318111105,OK,HAHN_run1_S4_W6_CT2872.csv,HAHN_run1_S4_W5_results.csv,HAHN_run1_S4_W5_assignment.csv
MANSOOR,3,45.0,5,0.0035419464111328125,0,1,0.0,0.31492303577689545,0.3939393939393938,0.8222222222185679,37.0,32.0,6.39999999872,17.297297293370345,61.28099475673896,60.20437318090488,12.040874633772802,19.64862790066279,OK,MANSOOR_run1_S3_W3_CT62.csv,MANSOOR_run1_S3_W5_results.csv,MANSOOR_run1_S3_W5_assignment.csv
MERTENS,4,7.0,5,0.0021910667419433594,1,2,0.0,0.23307908761634427,0.7142857142857142,0.8285714285477552,5.8,3.2,0.6399999998720001,11.034482754511297,4.432656917707574,7.138669978421939,1.427733995398841,32.2094405586238,OK,MERTENS_run1_S4_W6_CT6.csv,MERTENS_run1_S4_W5_results.csv,MERTENS_run1_S4_W5_assignment.csv
MITCHELL,5,18.0,6,0.007847070693969727,1,1,0.0,0.051819203315920825,0.9999999999999996,0.9722222222132201,17.5,3.0,0.49999999991666666,2.8571428565034016,18.900781421366272,14.479491598726382,2.413248599385522,12.76798321433314,OK,MITCHELL_run3_S5_W6_CT20.csv,MITCHELL_run3_S5_W6_results.csv,MITCHELL_run3_S5_W6_assignment.csv
LUTZ1,10,1572.0,10,0.3507418632507324,59,3,0.0,0.1588266345825858,0.6999999999999995,0.8994910941475255,1414.0,724.0,72.39999999276,5.120226307829477,1353.5436500994715,1765.344742920307,176.53447427437726,13.042392409086576,OK,LUTZ1_run3_S10_W11_CT1414.csv,LUTZ1_run3_S10_W10_results.csv,LUTZ1_run3_S10_W10_assignment.csv
ROSZIEG,8,14.0,10,0.06226801872253418,1,2,0.0,0.31595812655796945,0.32,0.8928571428507653,12.5,13.0,1.29999999987,10.399999998128,12.29968770174744,21.526573552946502,2.1526573550793846,17.501723678712064,OK,ROSZIEG_run3_S8_W8_CT16.csv,ROSZIEG_run3_S8_W10_results.csv,ROSZIEG_run3_S8_W10_assignment.csv
BUXEY,9,29.0,12,0.6329729557037354,299,3,0.0,0.38539683180964,0.14827586206896554,0.9310344827559454,27.0,18.0,1.499999999875,5.555555554886831,29.011674058176,87.9896987380657,7.332474894227769,25.274221953795205,OK,BUXEY_run1_S9_W11_CT33.csv,BUXEY_run1_S9_W12_results.csv,BUXEY_run1_S9_W12_assignment.csv
GUNTHER,9,54.0,9,0.8298840522766113,362,6,0.0,0.29034281131585293,0.3361904761904763,0.9938271604917823,53.666666666666664,4.000000000000001,0.4444444443950618,0.8281573497890315,73.61034583116847,131.82848253266127,14.647609168668184,19.89884574386421,OK,GUNTHER_run1_S9_W10_CT50.csv,GUNTHER_run1_S9_W9_results.csv,GUNTHER_run1_S9_W9_assignment.csv
TONGE70,7,552.0,7,1.1619079113006592,15,6,0.0,0.011083506491729567,0.9999999999999967,0.9083850931674667,501.42857142857144,86.57142857142766,12.367346937008616,2.4664224660651755,672.9259937850472,51.0894419507855,7.298491706212429,1.084590545410398,OK,TONGE70_run3_S7_W7_CT527.csv,TONGE70_run3_S7_W7_results.csv,TONGE70_run3_S7_W7_assignment.csv
SAWYER30,9,27.0,13,2.0554518699645996,1380,5,0.0,0.24869609833423095,0.5222222222222224,0.9230769230742932,24.923076923076923,21.38461538461538,1.6449704140746468,6.600189932750736,28.08323673455671,75.71279748951252,5.824061344899112,20.73856870467199,OK,SAWYER30_run1_S9_W14_CT25.csv,SAWYER30_run1_S9_W13_results.csv,SAWYER30_run1_S9_W13_assignment.csv
TONGE70,5,552.0,7,2.9534921646118164,127,6,0.0,0.14742081449232583,0.7640816326530594,0.9083850931674667,501.42857142857144,456.8571428571422,65.26530611312528,13.015873013987632,672.9259937850472,415.03974513076844,59.29139215306815,8.81098258955345,OK,TONGE70_run1_S5_W8_CT527.csv,TONGE70_run1_S5_W7_results.csv,TONGE70_run1_S5_W7_assignment.csv
SAWYER30,13,27.0,13,5.583777904510498,2644,10,0.0,0.16910568229075212,0.6888888888888891,0.9230769230742932,24.923076923076923,15.384615384614188,1.1834319525715966,4.74833808111527,28.08323673455671,55.62942636217569,4.279186642915116,15.23751226829619,OK,SAWYER30_run3_S13_W14_CT25.csv,SAWYER30_run3_S13_W13_results.csv,SAWYER30_run3_S13_W13_assignment.csv
HESKIA,6,138.0,8,15.812610149383545,10628,10,0.0,0.18734281480596085,0.56547619047619,0.9275362318832178,128.0,38.0,4.74999999940625,3.7109374995071414,196.38581857772252,146.2435623781849,18.280445294988056,9.308434502698178,OK,HESKIA_run1_S6_W6_CT205.csv,HESKIA_run1_S6_W8_results.csv,HESKIA_run1_S6_W8_assignment.csv
KILBRID,7,56.0,10,15.940748929977417,5146,8,0.0,0.22492352774011481,0.5089947089947082,0.9857142857125255,55.2,9.600000000000001,0.9599999999040001,1.7391304345771899,69.56849703782294,115.91672380773763,11.591672379614595,16.66224350534096,OK,KILBRID_run1_S7_W9_CT62.csv,KILBRID_run1_S7_W10_results.csv,KILBRID_run1_S7_W10_assignment.csv
LUTZ3,21,83.0,21,32.14417099952698,7878,10,0.0,0.1752957319505388,0.6345639387731463,0.9432013769357755,78.28571428571429,76.28571428571428,3.632653061051506,4.640250260407979,102.76913347152549,251.82228193334953,11.99153723435038,11.668423026604794,OK,LUTZ3_run2_S21_W23_CT75.csv,LUTZ3_run2_S21_W21_results.csv,LUTZ3_run2_S21_W21_assignment.csv
LUTZ3,19,83.0,21,160.5528588294983,25306,10,9.721069000689185e-05,0.20002092826945406,0.5791867308721244,0.9432013769357755,78.28571428571429,87.14285714285715,4.149659863747976,5.30066040982934,102.76913347152549,278.9489194497564,13.28328187792729,12.925361369791514,OK,LUTZ3_run1_S19_W24_CT75.csv,LUTZ3_run1_S19_W21_results.csv,LUTZ3_run1_S19_W21_assignment.csv
KILBRID,9,56.0,10,170.38044118881226,57624,10,8.928393593812604e-05,0.18361421494994476,0.5999999999999981,0.9857142857125255,55.2,4.800000000000054,0.4799999999520054,0.8695652172886046,69.56849703782294,98.97594688247088,9.897594687257328,14.227121626235423,OK,KILBRID_run3_S9_W9_CT62.csv,KILBRID_run3_S9_W10_results.csv,KILBRID_run3_S9_W10_assignment.csv
ARC83,15,3985.0,20,839.4627211093903,126880,10,9.237913153816062e-05,0.2163903551497981,0.6399598393574316,0.9498996235884447,3785.35,2636.2999999999993,131.8149999934092,3.482240743745608,4527.702115736179,23186.64443737672,1159.3322218108694,25.605311307502223,OK,ARC83_run1_S15_W22_CT3786.csv,ARC83_run1_S15_W20_results.csv,ARC83_run1_S15_W20_assignment.csv
ARC83,20,3985.0,20,5400.003372907639,228795,10,0.1590918376703943,0.15638559829847162,0.7646586345381522,0.9498996235884447,3785.35,2425.7000000000003,121.28499999393577,3.204063032319435,4527.702115736179,18416.885359234104,920.844267915663,20.33800467382858,OK,ARC83_run3_S20_W21_CT3786.csv,ARC83_run3_S20_W20_results.csv,ARC83_run3_S20_W20_assignment.csv
LUTZ2,40,13.0,40,5400.003319978714,247478,10,0.22938066821709796,0.2388571248837157,0.5449438202119882,0.932692307690514,12.125,38.5,0.9624999999759376,7.938144329043762,12.084271718607258,90.6207914567452,2.2655197863619922,18.747673330500238,OK,LUTZ2_run1_S40_W45_CT12.csv,LUTZ2_run1_S40_W40_results.csv,LUTZ2_run1_S40_W40_assignment.csv
MUKHERJE,23,192.0,23,5400.004050016403,231758,10,0.3432654278784248,0.21340510977015495,0.6173590003377233,0.9528985507244218,182.95652173913044,209.39130434781848,9.103969753857152,4.976029095474573,241.32516285156137,1166.4765159677597,50.71637025726275,21.015782050149546,OK,MUKHERJE_run3_S23_W25_CT176.csv,MUKHERJE_run3_S23_W23_results.csv,MUKHERJE_run3_S23_W23_assignment.csv
WARNECKE,19,86.0,19,5400.001444101334,1154397,10,0.15526447942720834,0.15702378859093044,0.6551724137931031,0.9473684210520518,81.47368421052632,73.6842105263159,3.878116343286199,4.759961919995697,82.56101810342604,127.29577002433396,6.699777369349167,8.114940347362307,OK,WARNECKE_run3_S19_W21_CT78.csv,WARNECKE_run3_S19_W19_results.csv,WARNECKE_run3_S19_W19_assignment.csv
WARNECKE,14,86.0,19,5400.001090049744,1625585,10,0.12596915244946552,0.18398411012641458,0.6413793018715819,0.9473684210520518,81.47368421052632,65.4736866777814,3.4459835091755484,4.229566322579574,82.56101810342604,240.4159570993304,12.653471425614574,15.326205655082918,OK,WARNECKE_run1_S14_W21_CT78.csv,WARNECKE_run1_S14_W19_results.csv,WARNECKE_run1_S14_W19_assignment.csv
WEE-MAG,32,50.0,32,5400.002752065659,56079,10,0.38636714022588275,0.08228178859731572,0.8666666666666668,0.9368749999994145,46.84375,49.8125,1.5566406249513551,3.3230486989579715,37.20853341878336,98.0867186830931,3.065209958750872,8.237921995391343,OK,WEE-MAG_run3_S32_W32_CT56.csv,WEE-MAG_run3_S32_W32_results.csv,WEE-MAG_run3_S32_W32_assignment.csv
MUKHERJE,18,192.0,23,5400.003811836243,78114,10,0.5501641748081557,0.2134734407237564,0.6362293144208017,0.9528985507244218,182.95652173913044,205.56521739129983,8.937618147059226,4.885104975789892,241.32516285156137,1277.1626176517211,55.52880946070401,23.009954206321027,OK,MUKHERJE_run1_S18_W25_CT176.csv,MUKHERJE_run1_S18_W23_results.csv,MUKHERJE_run1_S18_W23_assignment.csv
LUTZ2,37,13.0,41,5400.002794981003,214895,10,0.4642267879170123,0.213139036068109,0.5955056179775289,0.9099437148200564,11.829268292682928,38.585364944348086,0.9411064620343167,7.955745348483531,11.78953338400708,78.56222930826016,1.9161519343010736,16.252992139094083,OK,LUTZ2_run1_S37_W46_CT12.csv,LUTZ2_run1_S37_W41_results.csv,LUTZ2_run1_S37_W41_assignment.csv
WEE-MAG,22,50.0,32,5400.002268075943,90935,10,0.3939769713687256,0.13216796498627656,0.7666666666666657,0.9368749999994145,46.84375,86.87499999999997,2.7148437499151608,5.795530353264215,37.20853341878336,129.63296663153935,4.051030207109011,10.887368661929374,OK,WEE-MAG_run1_S22_W30_CT56.csv,WEE-MAG_run1_S22_W32_results.csv,WEE-MAG_run1_S22_W32_assignment.csv
